num_hidden_layers,hidden_size,total_params,loss,time,accuracy,train_loss_history,train_loss,test_loss
2,32,3466,,0h:0m:50s,93.68,"[2.246387425115553, 1.837892696008844, 1.260797171269433, 0.907099103523513, 0.756270179304026, 0.6691416865688259, 0.6103406306040489, 0.5634667186413781, 0.5266082882881165, 0.4990932496927552, 0.4747461009833772, 0.4558560666391405, 0.43856915781053446, 0.42533880977307337, 0.41426366719148927, 0.40114019129235867, 0.38929991550364734, 0.3849826349040209, 0.3758316737110332, 0.36847163913613656, 0.36041213748818735, 0.3543250000072738, 0.3479080680063215, 0.34226849422616473, 0.33762990468639437, 0.3335552266088583, 0.3304733270305698, 0.3262984308145814, 0.32323173496682767, 0.3173879157688658, 0.31473650240291984, 0.3094705030069513, 0.3063768092858589, 0.3029102379992857, 0.2975062929977805, 0.2966178024219254, 0.2919615835456525, 0.2913412906355777, 0.2877366229639215, 0.2845957675727747, 0.2831646767208132, 0.2825386706045118]",0.2825386706045118,0.2682957649230957
