num_hidden_layers,hidden_size,total_params,train_loss_history,train_loss,time,test_loss,accuracy
4,64,17290,"[2.085099687010555, 1.1897432703082844, 0.7000843710818533, 0.5653931549039938, 0.48953510138948086, 0.43330471646987784, 0.3909481435509051, 0.3530763998880225, 0.3258339909173675, 0.30567763821553373, 0.28624589488667956, 0.27254551926911885, 0.2630078512228141, 0.24799482549651194, 0.2390898221125037, 0.2318590672339423, 0.2213428917072587, 0.21229790630987136, 0.2073699251069861, 0.203531703453953, 0.19624180586661322, 0.19250194576837248, 0.18738543633687293, 0.18467832975468393, 0.18123963500483561, 0.17842463340799689, 0.17477165996018101, 0.17146538627349725, 0.1693909994121325, 0.16530121395648537, 0.1627800814428572, 0.1611840881533542, 0.15898047400228046, 0.15679351366677527, 0.15646127093646486, 0.15297490181559223, 0.15103806997254743, 0.1520393140992876, 0.14853630050764247, 0.14587218074475305, 0.14371449967562142, 0.14166121071172974]",0.14166121071172974,0h:0m:55s,0.1568317711353302,96.7
