num_hidden_layers,hidden_size,total_params,train_loss_history,train_loss,time,test_loss,accuracy
2,64,8970,"[2.1393002756571367, 1.2512883836940183, 0.7380291344755787, 0.5802583482305882, 0.49238992899151174, 0.4387251967090671, 0.4023264616222705, 0.37351454870175504, 0.3512249235379494, 0.3320511165311781, 0.31818750450166605, 0.3034852179935423, 0.2919180640729807, 0.2809718387611842, 0.2731369026636673, 0.2630294205273612, 0.25847513241282966, 0.2512041640988851, 0.2441529901856083, 0.23923732794947544, 0.23230886585631613, 0.22770645557823826, 0.2211593859276529, 0.2174480913554208, 0.21551442323094708, 0.2101993404202542, 0.2063805150278544, 0.2009199185896728, 0.19903280724913386, 0.19496250203100302, 0.19383080076363127, 0.18916669386928364, 0.18659302945864403, 0.18418129344107742, 0.18265240020671134, 0.17994209694660315, 0.17744447088847726, 0.17458785539966518, 0.17298704411013652, 0.17304322477114403, 0.16757633398144933, 0.1686583365929329, 0.16419884941335453, 0.16227763095649622, 0.1597440490278147, 0.15778137326745664, 0.15771268851171105, 0.15506069299023031, 0.1553315184379028]",0.1553315184379028,0h:0m:58s,0.15552502870559692,96.24
