num_hidden_layers,hidden_size,total_params,train_loss_history,train_loss,time,test_loss,accuracy
1,64,4810,"[2.1763870574660222, 1.6945222919270144, 1.1621626756959043, 0.8447427648608967, 0.6787508231098369, 0.5839703992261724, 0.5253864905591739, 0.48359723161842866, 0.45582510707742074, 0.4327217017189931, 0.4126926519102969, 0.39766338012986263, 0.3848865936368199, 0.373653797274929, 0.3621141940860425, 0.3507140576839447, 0.3421632319183673, 0.3337902886382604, 0.32537920141624194, 0.31713112178495373, 0.3099190986762613, 0.3040055920511989, 0.2984215213080584, 0.2916408075114428, 0.2860612952608173, 0.28034083014827665, 0.27529533712540644, 0.2703860255621247, 0.2667264349884906, 0.26103857361664207, 0.25742972376993145, 0.2540788943484678, 0.25074062458539415, 0.24745168600041986, 0.24396844713364618, 0.24026346105640217, 0.23651381493624996, 0.23432309369919663, 0.23244127605931234, 0.22971324950961744, 0.22582127886303402, 0.22276212906433365, 0.2210183489625737, 0.21807268868058416, 0.21799817933874616, 0.2142509871115119, 0.20969459768068993, 0.21098554033344075, 0.20709996859906082, 0.20614701181145037, 0.20332734337297537, 0.20155242262250286]",0.20155242262250286,0h:0m:57s,0.19427074491977692,95.01
