num_hidden_layers,hidden_size,total_params,loss,time,accuracy,train_loss_history,train_loss,test_loss
4,16,2026,,0h:0m:59s,90.8,"[2.2960842544749633, 2.1330764677564975, 1.6907531487739693, 1.4438972149865101, 1.3322971533920804, 1.231506515357454, 1.1304198463084334, 1.0333267480640087, 0.9678963160110732, 0.9143462797342721, 0.8561869152521683, 0.8229541616924738, 0.782953394671618, 0.7654537194866246, 0.7415247094833245, 0.7164814947015148, 0.7075966051069357, 0.6868352273763236, 0.6742820174007093, 0.6657883565304643, 0.6579867278115225, 0.6432302907361822, 0.6333239290673854, 0.6284800879025864, 0.624173421980971, 0.618625539844319, 0.6080302434452509, 0.6047633396366895, 0.5960250062457586, 0.5904616925675991, 0.588197288876873, 0.5832558314679033, 0.5816250403048628, 0.5736126187494246, 0.5778109986903304, 0.5683904492248923, 0.564929420160035, 0.5642233839479543, 0.55825474858284, 0.5540866402246184, 0.5570629779565133, 0.5579474634033138, 0.5476506271604764, 0.5486519468032708, 0.5452677849995888, 0.541981540494046, 0.5417745118424043, 0.538343211856939]",0.538343211856939,0.5378987789154053
