num_hidden_layers,hidden_size,total_params,train_loss_history,train_loss,time,test_loss,accuracy
2,8,682,"[2.3037967964754267, 2.240009934215222, 2.1206880100702836, 1.9887532096798137, 1.8861420033341747, 1.807964609841169, 1.7433292704113459, 1.6869370149353804, 1.6383549560934811, 1.5928179308519526, 1.529289619397309, 1.468072697267694, 1.4128933478209933, 1.3691744824587289, 1.329942337537216, 1.3026977009692435, 1.2746469812878107, 1.2588646694765253, 1.2390319775726835, 1.2154168638132385, 1.2153435258542078, 1.2002180410643755, 1.1885019884271137, 1.1770194182961673, 1.172608131069248, 1.1608572794219194, 1.158816089064388, 1.1490318007388358, 1.141717912787098, 1.142275925409996, 1.137330552278939, 1.1365520388393078, 1.1330717094873979, 1.1249949507794137, 1.1228837865894123, 1.1180700488009696, 1.1220501358226194, 1.1176840733673612, 1.1058241068306616, 1.1074093701475758, 1.1123438366388871, 1.1056513584266274, 1.1000626753952543, 1.1042904692181086]",1.1042904692181086,0h:0m:50s,1.0969921350479126,77.45
