num_hidden_layers,hidden_size,total_params,loss,time,accuracy,train_loss_history,train_loss,test_loss
3,64,13130,,0h:1m:0s,96.74,"[2.1089951204041304, 1.0373066390975048, 0.6589407355098401, 0.5406248897819196, 0.46775768419443553, 0.4226460381079528, 0.38764647609096464, 0.3590944884187084, 0.33041898426363026, 0.3113332370580253, 0.2949760955269054, 0.2792587267645335, 0.2658015072850858, 0.2559494727243811, 0.2449783369646234, 0.23780860562445755, 0.23086404143753697, 0.2263349799786584, 0.2172883554535397, 0.20949734267541917, 0.20551344019881748, 0.20237004908464723, 0.19749665512876996, 0.1929308916047468, 0.18698836080098558, 0.1864461171424995, 0.1799762882923676, 0.17770180005138203, 0.17442751158091982, 0.17307946010161254, 0.17194312482567156, 0.16811061890448553, 0.16407244261038506, 0.16083682101156752, 0.1602682874111806, 0.15939796791743424, 0.157154642550622, 0.15326088679543995, 0.15198069886635926, 0.14947999407679347, 0.1494330593337447, 0.14584953224254868, 0.14551150457838835, 0.14467784560332864, 0.14461526198912475, 0.14267999085329347, 0.13878290809817234]",0.13878290809817234,0.15002888441085815
