num_hidden_layers,hidden_size,total_params,train_loss_history,train_loss,time,test_loss,accuracy
2,29,3055,"[1.5640832844533419, 0.7201260077325922, 0.5331957261813315, 0.4469069273848283, 0.3981614677529586, 0.36393446357626663, 0.33936639835959986, 0.3243587048430192, 0.31082440363733393, 0.3008545511647275, 0.2959179533155341, 0.2850055584782048, 0.28261036151333857, 0.2730099723527306, 0.2709801840154748, 0.2638696722294155, 0.262676812316242, 0.25666368791931554, 0.2586820219692431, 0.25039509958342504, 0.24529118600644564, 0.2470904573013908, 0.2527446864466918, 0.24467186629772186, 0.24612244806791606, 0.2431325238001974, 0.2366353414560619, 0.2356987438703838, 0.23551756614132932, 0.22720431105086678, 0.2322989584583985, 0.23324641899058693, 0.22594043298771507, 0.22334504441211098, 0.22231801481623398, 0.21925842448284752, 0.22126525797342, 0.21996456070950157, 0.2177351391629169, 0.21915577352046967, 0.21441208375127693, 0.2153712158140383, 0.21548594691251455, 0.2215736045649177, 0.21472187732395373, 0.21375667656722822, 0.21743587051567279, 0.2088238338106557, 0.21159566389886955, 0.21358995374880338, 0.21238238795807488, 0.20739780523275075, 0.20367136127070376, 0.2091105580329895, 0.2090629943107304, 0.20743148577840706, 0.20531020274287776, 0.20460353556432223, 0.2036410695628116, 0.20521140412280434, 0.20572332959426076]",0.20572332959426076,0h:1m:31s,0.21323290467262268,95.47
