num_hidden_layers,hidden_size,total_params,train_loss_history,train_loss,time,test_loss,accuracy
3,32,4522,"[2.2537836099075057, 1.7215133844795873, 1.1074399624840687, 0.8584758669643079, 0.735967960398076, 0.6524633734913196, 0.5951275219351558, 0.5521174947084007, 0.5178861921116457, 0.489895112433676, 0.47047050777128185, 0.4481953422901994, 0.4281055285768994, 0.4130503489809521, 0.4021377634193938, 0.3850288537599273, 0.3791173777337802, 0.3702447858907409, 0.3607061742726019, 0.35368449405088265, 0.3474043001562862, 0.33908870866743185, 0.33338427442615315, 0.32993879611209287, 0.32195583238440045, 0.3183559154049825, 0.3115836290989892, 0.3116119983842817, 0.3093024679159714, 0.3028226868580964, 0.29883503913879395, 0.2926260083913803, 0.2898690319162304, 0.28704659287202156, 0.2845939513990435, 0.28217805088576625, 0.2798685047586085, 0.2755695556179952, 0.273069702720238, 0.27263439989696114, 0.27100747672177977, 0.2660975643133713, 0.2650218994940742, 0.2615596919746722, 0.2624645579164311, 0.2579087289208073, 0.2557541197639401, 0.25728768994242457]",0.25728768994242457,0h:0m:58s,0.25195997953414917,94.65
