num_hidden_layers,hidden_size,total_params,loss,time,accuracy,train_loss_history,train_loss,test_loss
1,32,2410,,0h:0m:57s,93.05,"[2.2135312112711243, 1.8800142902438923, 1.4383675344919755, 1.1034945360684798, 0.9006240610348977, 0.7748773542501158, 0.6913156731654022, 0.6327062855332585, 0.5866978421049603, 0.5496961398650024, 0.5208073889805098, 0.5006920983225612, 0.48143200551049187, 0.4644293557789366, 0.4506185504339509, 0.437348597130533, 0.4252996237601264, 0.41643068800538274, 0.4059764737800016, 0.40002161668518843, 0.3926152602090674, 0.38278268050339265, 0.37900940442489367, 0.3728118680291257, 0.3649805683200642, 0.3593936663562969, 0.35423608553611624, 0.35060738506963696, 0.3448240064968497, 0.33936803775318597, 0.33811436644044973, 0.33225312626967995, 0.3294232553344662, 0.32340592171176, 0.3223665588993137, 0.3175849247786958, 0.3170283451928931, 0.31305761509022473, 0.3093948596614902, 0.30833302791846, 0.30486554134700256, 0.3021682028548192, 0.299667990561259, 0.2978471158924749, 0.2943379977497004, 0.2923211581626181, 0.28823804981627704, 0.28808612944716117, 0.2855935013395245, 0.28399841209589427, 0.2812790001853038, 0.2798529908818714]",0.2798529908818714,0.2729222774505615
