num_hidden_layers,hidden_size,total_params,train_loss_history,train_loss,time,test_loss,accuracy
2,16,1482,"[2.290374784146325, 2.1613386829020613, 1.7823640451592915, 1.401018411426221, 1.129973385293605, 0.9767966836185779, 0.8789773179312884, 0.8042505959333, 0.7510813535270044, 0.7068665280180463, 0.674265439227476, 0.6434259343955476, 0.6242591082039526, 0.6015977910009481, 0.5847372341964204, 0.5706638208890366, 0.5577697880187277, 0.5456259750713737, 0.5317615245358419, 0.5259567292059882, 0.5181339761968387, 0.509645341311471, 0.49957799406374914, 0.4956828143637059, 0.4917714368488829, 0.48707209098137033, 0.484666626837294, 0.4789666599136288, 0.4732938080520953, 0.47045697852716606, 0.464890536615404, 0.46090710112604044, 0.46149144384820584, 0.45495760895438114, 0.45440900729874434, 0.44817161661083416, 0.4486021722777415, 0.44816116054179306, 0.4420057343224348, 0.4429418899245181, 0.4346907896510625, 0.43487508822295623, 0.43760904518224425, 0.4323829523587631, 0.4282545245299905, 0.4292223837416051]",0.4292223837416051,0h:0m:50s,0.41421836614608765,91.09
