num_hidden_layers,hidden_size,total_params,loss,time,accuracy,train_loss_history,train_loss,test_loss
4,8,826,,0h:1m:1s,63.83,"[2.309348017482434, 2.2618258726798883, 2.113068693775242, 1.9853913117263278, 1.9298691769777718, 1.892248422412549, 1.8483066356788247, 1.797454078318709, 1.7325118072962358, 1.6595520589311243, 1.5923905615079201, 1.534755391589666, 1.4913584943545066, 1.4562999373775418, 1.4303382150197432, 1.3892660686525249, 1.3594568664744748, 1.3370315382036113, 1.3222446684109963, 1.304905032707473, 1.3010229640087838, 1.2899066492662592, 1.284266522375204, 1.2764542587732866, 1.2725440647642492, 1.2622575901322446, 1.2535680148561121, 1.2522143772092915, 1.2476017475128174, 1.241950319985212, 1.2390000799954948, 1.2414809061309038, 1.2292139065467704, 1.2231932151115548, 1.218182090985573, 1.2177349793708931, 1.2173333531719144, 1.2056994276531672, 1.2054551779213598, 1.2042376126273204, 1.1991068528870406, 1.198720293529963, 1.1928756822973996, 1.1908535452212317, 1.1936396117937766, 1.1803956173234067, 1.1811779737472534, 1.1815889124142922, 1.1784351437778797, 1.1779904345334586, 1.180096563646349]",1.180096563646349,1.1923539638519287
