num_hidden_layers,hidden_size,total_params,loss,time,accuracy,train_loss_history,train_loss,test_loss
3,16,1754,,0h:1m:3s,89.52,"[2.2919944423740195, 2.0823960627539684, 1.609899005647433, 1.3836799698360895, 1.2390947341918945, 1.1133665311134469, 1.0266072012610354, 0.9522385859893541, 0.8883603548599501, 0.8490042827897153, 0.8107220055693287, 0.7841520562010297, 0.7539326043452247, 0.7343737260769989, 0.7183122776322446, 0.6994911321138931, 0.6858408380362947, 0.6781111713183128, 0.6631485708689285, 0.6555720921290122, 0.6474557700803725, 0.6389026076106702, 0.6348348704435057, 0.6307010660737248, 0.6182194089485427, 0.6131517018302012, 0.6056464930712167, 0.6022708976672868, 0.6001034005213592, 0.593676750437688, 0.5858330918570697, 0.5810926132282969, 0.5818699901386842, 0.5812132095886489, 0.5761994184073755, 0.5710525366209321, 0.5701374648991278, 0.5628170658976345, 0.5624246440701566, 0.5580895987607665, 0.5543450445441876, 0.5496990549362312, 0.554365346492347, 0.5471022184622489, 0.5438872863680629, 0.5429037526502447, 0.5412782289214053, 0.5338253535456576, 0.5335583070577201, 0.5286522118721978, 0.5298462833388377, 0.5295384763661077, 0.5289231457952726]",0.5289231457952726,0.5213703513145447
