num_hidden_layers,hidden_size,total_params,train_loss_history,train_loss,time,test_loss,accuracy
4,32,5578,"[2.269691624883878, 1.677103392148422, 1.095208465042761, 0.8947212877920119, 0.8014630442958767, 0.7185542007624093, 0.6462219458515361, 0.5860424238746449, 0.5484086739814887, 0.5213393523531445, 0.49324473031496596, 0.4677958574335454, 0.449446906477718, 0.43414212030879523, 0.4229868998972036, 0.4117014281830545, 0.399160940768355, 0.38757924558752677, 0.37937490768351795, 0.37114184135097567, 0.3655629082251403, 0.359829791521622, 0.3534458158379894, 0.34340755969791087, 0.33870513762457893, 0.3367957846593049, 0.3322440234281249, 0.33167894159333183, 0.32572652374283745, 0.3208458772150137, 0.32055978300207755, 0.31295111169249323, 0.31201040896318727, 0.3082416161137112, 0.30491023346529167, 0.3043572922884408, 0.29941084728402606, 0.29771815593970025, 0.29412422139765854, 0.2909288128553811, 0.28801973795486707, 0.2852225811299631, 0.2796132127612324, 0.28116091050333897, 0.2780323887275437, 0.2765813899242272, 0.2789404316473815]",0.2789404316473815,0h:0m:59s,0.28089866042137146,94.02
